{"loss": [1.010542392730713, 0.307609885931015, 0.19398264586925507, 0.14014725387096405, 0.10855548828840256, 0.09341824054718018, 0.07808179408311844, 0.07141537964344025, 0.06960716843605042, 0.059834498912096024], "accuracy": [0.6958569884300232, 0.9002746939659119, 0.9354994893074036, 0.9529339671134949, 0.9637362360954285, 0.9693295359611511, 0.9745954275131226, 0.976858377456665, 0.9780254364013672, 0.9817115664482117], "val_loss": [0.4361322224140167, 0.3151673972606659, 0.22414042055606842, 0.22295071184635162, 0.19816844165325165, 0.1940544694662094, 0.301788330078125, 0.20501038432121277, 0.29289138317108154, 0.23095403611660004], "val_accuracy": [0.8621357083320618, 0.8954348564147949, 0.9254895448684692, 0.9279940724372864, 0.9414275884628296, 0.9405737519264221, 0.9218465685844421, 0.9446721076965332, 0.9297017455101013, 0.9431352615356445]}